{
    "name": "root",
    "gauges": {
        "AgentController.Policy.Entropy.mean": {
            "value": 1.4345086812973022,
            "min": 1.4088263511657715,
            "max": 2.11208176612854,
            "count": 250
        },
        "AgentController.Policy.Entropy.sum": {
            "value": 7416.41015625,
            "min": 4426.8193359375,
            "max": 13264.0234375,
            "count": 250
        },
        "AgentController.Step.mean": {
            "value": 1249987.0,
            "min": 4933.0,
            "max": 1249987.0,
            "count": 250
        },
        "AgentController.Step.sum": {
            "value": 1249987.0,
            "min": 4933.0,
            "max": 1249987.0,
            "count": 250
        },
        "AgentController.Policy.ExtrinsicValueEstimate.mean": {
            "value": 2.9291489124298096,
            "min": -1.3438403606414795,
            "max": 4.269547462463379,
            "count": 250
        },
        "AgentController.Policy.ExtrinsicValueEstimate.sum": {
            "value": 134.7408447265625,
            "min": -60.472816467285156,
            "max": 192.129638671875,
            "count": 250
        },
        "AgentController.Environment.EpisodeLength.mean": {
            "value": 498.25,
            "min": 429.8,
            "max": 1277.1666666666667,
            "count": 250
        },
        "AgentController.Environment.EpisodeLength.sum": {
            "value": 5979.0,
            "min": 1020.0,
            "max": 11094.0,
            "count": 250
        },
        "AgentController.Environment.CumulativeReward.mean": {
            "value": 82.81818181818181,
            "min": -86.33333333333333,
            "max": 133.5,
            "count": 250
        },
        "AgentController.Environment.CumulativeReward.sum": {
            "value": 911.0,
            "min": -866.0,
            "max": 1302.0,
            "count": 250
        },
        "AgentController.Policy.ExtrinsicReward.mean": {
            "value": 82.81818181818181,
            "min": -86.33333333333333,
            "max": 133.5,
            "count": 250
        },
        "AgentController.Policy.ExtrinsicReward.sum": {
            "value": 911.0,
            "min": -866.0,
            "max": 1302.0,
            "count": 250
        },
        "AgentController.IsTraining.mean": {
            "value": 1.0,
            "min": 1.0,
            "max": 1.0,
            "count": 250
        },
        "AgentController.IsTraining.sum": {
            "value": 1.0,
            "min": 1.0,
            "max": 1.0,
            "count": 250
        },
        "AgentController.Losses.PolicyLoss.mean": {
            "value": 0.05395338038617107,
            "min": 0.04590741655223004,
            "max": 0.05395338038617107,
            "count": 38
        },
        "AgentController.Losses.PolicyLoss.sum": {
            "value": 0.05395338038617107,
            "min": 0.04590741655223004,
            "max": 0.05395338038617107,
            "count": 38
        },
        "AgentController.Losses.ValueLoss.mean": {
            "value": 10.525775335729122,
            "min": 5.331418511690572,
            "max": 10.634643268461028,
            "count": 38
        },
        "AgentController.Losses.ValueLoss.sum": {
            "value": 10.525775335729122,
            "min": 5.331418511690572,
            "max": 10.634643268461028,
            "count": 38
        },
        "AgentController.Policy.LearningRate.mean": {
            "value": 5.839734160270001e-05,
            "min": 5.839734160270001e-05,
            "max": 9.890363442969999e-05,
            "count": 38
        },
        "AgentController.Policy.LearningRate.sum": {
            "value": 5.839734160270001e-05,
            "min": 5.839734160270001e-05,
            "max": 9.890363442969999e-05,
            "count": 38
        },
        "AgentController.Policy.Epsilon.mean": {
            "value": 0.15839730000000005,
            "min": 0.15839730000000005,
            "max": 0.19890363333333336,
            "count": 38
        },
        "AgentController.Policy.Epsilon.sum": {
            "value": 0.15839730000000005,
            "min": 0.15839730000000005,
            "max": 0.19890363333333336,
            "count": 38
        },
        "AgentController.Policy.Beta.mean": {
            "value": 0.0029240252700000013,
            "min": 0.0029240252700000013,
            "max": 0.004945291303333334,
            "count": 38
        },
        "AgentController.Policy.Beta.sum": {
            "value": 0.0029240252700000013,
            "min": 0.0029240252700000013,
            "max": 0.004945291303333334,
            "count": 38
        }
    },
    "metadata": {
        "timer_format_version": "0.1.0",
        "start_time_seconds": "1714585910",
        "python_version": "3.9.13 (main, Oct 13 2022, 21:23:06) [MSC v.1916 64 bit (AMD64)]",
        "command_line_arguments": "O:\\Users\\Home\\anaconda3\\envs\\advancedrl\\Scripts\\mlagents-learn config.yaml --run-id zombiekiller",
        "mlagents_version": "0.30.0",
        "mlagents_envs_version": "0.30.0",
        "communication_protocol_version": "1.5.0",
        "pytorch_version": "1.13.1+cu117",
        "numpy_version": "1.23.5",
        "end_time_seconds": "1714588030"
    },
    "total": 2119.6472471,
    "count": 1,
    "self": 0.022235400000226946,
    "children": {
        "run_training.setup": {
            "total": 0.2277503000000003,
            "count": 1,
            "self": 0.2277503000000003
        },
        "TrainerController.start_learning": {
            "total": 2119.3972614,
            "count": 1,
            "self": 3.98087079998686,
            "children": {
                "TrainerController._reset_env": {
                    "total": 37.7800966,
                    "count": 1,
                    "self": 37.7800966
                },
                "TrainerController.advance": {
                    "total": 2077.5619276000134,
                    "count": 126861,
                    "self": 1.8429258000387563,
                    "children": {
                        "env_step": {
                            "total": 2075.7190017999746,
                            "count": 126861,
                            "self": 1744.7617594998842,
                            "children": {
                                "SubprocessEnvManager._take_step": {
                                    "total": 329.06464300007013,
                                    "count": 126861,
                                    "self": 7.697715900067408,
                                    "children": {
                                        "TorchPolicy.evaluate": {
                                            "total": 321.3669271000027,
                                            "count": 125073,
                                            "self": 321.3669271000027
                                        }
                                    }
                                },
                                "workers": {
                                    "total": 1.8925993000204144,
                                    "count": 126861,
                                    "self": 0.0,
                                    "children": {
                                        "worker_root": {
                                            "total": 2075.190378000054,
                                            "count": 126861,
                                            "is_parallel": true,
                                            "self": 879.5870428000667,
                                            "children": {
                                                "steps_from_proto": {
                                                    "total": 0.016881200000000263,
                                                    "count": 1,
                                                    "is_parallel": true,